<?xml version="1.0" encoding="UTF-8"?>
<metadata xml:lang="pt"><Esri><CreaDate>20200415</CreaDate><CreaTime>19222500</CreaTime><ArcGISFormat>1.0</ArcGISFormat><SyncOnce>FALSE</SyncOnce><DataProperties><itemProps><itemName Sync="TRUE">Rodovias_principais</itemName><imsContentType Sync="TRUE">002</imsContentType><itemSize Sync="TRUE">0.000</itemSize><itemLocation><linkage Sync="TRUE">file://\\FRANCISCO\Users\Francisco\Desktop\COVID-19\SHAPEFILES PARA O SITE LEGAT\Rodovias_principais.shp</linkage><protocol Sync="TRUE">Local Area Network</protocol></itemLocation></itemProps><coordRef><type Sync="TRUE">Projected</type><geogcsn Sync="TRUE">GCS_SIRGAS_2000</geogcsn><csUnits Sync="TRUE">Linear Unit: Meter (1.000000)</csUnits><projcsn Sync="TRUE">SIRGAS_2000_Brazil_Polyconic</projcsn><peXml Sync="TRUE">&lt;ProjectedCoordinateSystem xsi:type='typens:ProjectedCoordinateSystem' xmlns:xsi='http://www.w3.org/2001/XMLSchema-instance' xmlns:xs='http://www.w3.org/2001/XMLSchema' xmlns:typens='http://www.esri.com/schemas/ArcGIS/10.7'&gt;&lt;WKT&gt;PROJCS[&amp;quot;SIRGAS_2000_Brazil_Polyconic&amp;quot;,GEOGCS[&amp;quot;GCS_SIRGAS_2000&amp;quot;,DATUM[&amp;quot;D_SIRGAS_2000&amp;quot;,SPHEROID[&amp;quot;GRS_1980&amp;quot;,6378137.0,298.257222101]],PRIMEM[&amp;quot;Greenwich&amp;quot;,0.0],UNIT[&amp;quot;Degree&amp;quot;,0.0174532925199433]],PROJECTION[&amp;quot;Polyconic&amp;quot;],PARAMETER[&amp;quot;False_Easting&amp;quot;,5000000.0],PARAMETER[&amp;quot;False_Northing&amp;quot;,10000000.0],PARAMETER[&amp;quot;Central_Meridian&amp;quot;,-54.0],PARAMETER[&amp;quot;Latitude_Of_Origin&amp;quot;,0.0],UNIT[&amp;quot;Meter&amp;quot;,1.0],AUTHORITY[&amp;quot;EPSG&amp;quot;,5880]]&lt;/WKT&gt;&lt;XOrigin&gt;-15037700&lt;/XOrigin&gt;&lt;YOrigin&gt;-5348400&lt;/YOrigin&gt;&lt;XYScale&gt;224756315.71340498&lt;/XYScale&gt;&lt;ZOrigin&gt;-100000&lt;/ZOrigin&gt;&lt;ZScale&gt;10000&lt;/ZScale&gt;&lt;MOrigin&gt;-100000&lt;/MOrigin&gt;&lt;MScale&gt;10000&lt;/MScale&gt;&lt;XYTolerance&gt;0.001&lt;/XYTolerance&gt;&lt;ZTolerance&gt;0.001&lt;/ZTolerance&gt;&lt;MTolerance&gt;0.001&lt;/MTolerance&gt;&lt;HighPrecision&gt;true&lt;/HighPrecision&gt;&lt;WKID&gt;5880&lt;/WKID&gt;&lt;LatestWKID&gt;5880&lt;/LatestWKID&gt;&lt;/ProjectedCoordinateSystem&gt;</peXml></coordRef><lineage><Process ToolSource="c:\program files (x86)\arcgis\desktop10.8\ArcToolbox\Toolboxes\Data Management Tools.tbx\Merge" Date="20200415" Time="192225">Merge 'Rodovias -sirgas 2000 selection';Principais_rovovias "C:\Users\Francisco\Desktop\COVID-19\SHAPEFILES PARA O SITE LEGAT\Rodovias_principais.shp" "NomeRodov "NomeRodov" true true false 15 Text 0 0 ,First,#,Rodovias -sirgas 2000 selection,NomeRodov,-1,-1,Principais_rovovias,NomeRodov,-1,-1;CodRodov "CodRodov" true true false 8 Text 0 0 ,First,#,Rodovias -sirgas 2000 selection,CodRodov,-1,-1,Principais_rovovias,CodRodov,-1,-1;Classific "Classific" true true false 20 Text 0 0 ,First,#,Rodovias -sirgas 2000 selection,Classific,-1,-1,Principais_rovovias,Classific,-1,-1;Trecho "Trecho" true true false 80 Text 0 0 ,First,#,Rodovias -sirgas 2000 selection,Trecho,-1,-1,Principais_rovovias,Trecho,-1,-1;SubTrecho "SubTrecho" true true false 80 Text 0 0 ,First,#,Rodovias -sirgas 2000 selection,SubTrecho,-1,-1,Principais_rovovias,SubTrecho,-1,-1;ExtKm "ExtKm" true true false 19 Double 11 18 ,First,#,Rodovias -sirgas 2000 selection,ExtKm,-1,-1,Principais_rovovias,ExtKm,-1,-1;KmInicial "KmInicial" true true false 19 Double 11 18 ,First,#,Rodovias -sirgas 2000 selection,KmInicial,-1,-1,Principais_rovovias,KmInicial,-1,-1;KmFinal "KmFinal" true true false 19 Double 11 18 ,First,#,Rodovias -sirgas 2000 selection,KmFinal,-1,-1,Principais_rovovias,KmFinal,-1,-1;SitFisica "SitFisica" true true false 15 Text 0 0 ,First,#,Rodovias -sirgas 2000 selection,SitFisica,-1,-1,Principais_rovovias,SitFisica,-1,-1;Jurisdicao "Jurisdicao" true true false 19 Double 11 18 ,First,#,Rodovias -sirgas 2000 selection,Jurisdicao,-1,-1,Principais_rovovias,Jurisdicao,-1,-1;Shape_Leng "Shape_Leng" true true false 19 Double 11 18 ,First,#,Rodovias -sirgas 2000 selection,Shape_Leng,-1,-1,Principais_rovovias,Shape_Leng,-1,-1"</Process></lineage></DataProperties><SyncDate>20200415</SyncDate><SyncTime>19222500</SyncTime><ModDate>20200415</ModDate><ModTime>19222500</ModTime></Esri><dataIdInfo><envirDesc Sync="TRUE"> Version 6.2 (Build 9200) ; Esri ArcGIS 10.8.0.12790</envirDesc><dataLang><languageCode value="por" Sync="TRUE"></languageCode><countryCode value="BRA" Sync="TRUE"></countryCode></dataLang><idCitation><resTitle Sync="TRUE">Rodovias_principais</resTitle><presForm><PresFormCd value="005" Sync="TRUE"></PresFormCd></presForm></idCitation><spatRpType><SpatRepTypCd value="001" Sync="TRUE"></SpatRepTypCd></spatRpType></dataIdInfo><mdLang><languageCode value="por" Sync="TRUE"></languageCode><countryCode value="BRA" Sync="TRUE"></countryCode></mdLang><mdChar><CharSetCd value="004" Sync="TRUE"></CharSetCd></mdChar><distInfo><distFormat><formatName Sync="TRUE">Shapefile</formatName></distFormat><distTranOps><transSize Sync="TRUE">0.000</transSize></distTranOps></distInfo><mdHrLv><ScopeCd value="005" Sync="TRUE"></ScopeCd></mdHrLv><mdHrLvName Sync="TRUE">dataset</mdHrLvName><refSysInfo><RefSystem><refSysID><identCode code="5880" Sync="TRUE"></identCode><idCodeSpace Sync="TRUE">EPSG</idCodeSpace><idVersion Sync="TRUE">8.1(10.2.0)</idVersion></refSysID></RefSystem></refSysInfo><spatRepInfo><VectSpatRep><geometObjs Name="Rodovias_principais"><geoObjTyp><GeoObjTypCd value="002" Sync="TRUE"></GeoObjTypCd></geoObjTyp><geoObjCnt Sync="TRUE">0</geoObjCnt></geometObjs><topLvl><TopoLevCd value="001" Sync="TRUE"></TopoLevCd></topLvl></VectSpatRep></spatRepInfo><spdoinfo><ptvctinf><esriterm Name="Rodovias_principais"><efeatyp Sync="TRUE">Simple</efeatyp><efeageom code="3" Sync="TRUE"></efeageom><esritopo Sync="TRUE">FALSE</esritopo><efeacnt Sync="TRUE">0</efeacnt><spindex Sync="TRUE">FALSE</spindex><linrefer Sync="TRUE">FALSE</linrefer></esriterm></ptvctinf></spdoinfo><eainfo><detailed Name="Rodovias_principais"><enttyp><enttypl Sync="TRUE">Rodovias_principais</enttypl><enttypt Sync="TRUE">Feature Class</enttypt><enttypc Sync="TRUE">0</enttypc></enttyp><attr><attrlabl Sync="TRUE">FID</attrlabl><attalias Sync="TRUE">FID</attalias><attrtype Sync="TRUE">OID</attrtype><attwidth Sync="TRUE">4</attwidth><atprecis Sync="TRUE">0</atprecis><attscale Sync="TRUE">0</attscale><attrdef Sync="TRUE">Internal feature number.</attrdef><attrdefs Sync="TRUE">Esri</attrdefs><attrdomv><udom Sync="TRUE">Sequential unique whole numbers that are automatically generated.</udom></attrdomv></attr><attr><attrlabl Sync="TRUE">Shape</attrlabl><attalias Sync="TRUE">Shape</attalias><attrtype Sync="TRUE">Geometry</attrtype><attwidth Sync="TRUE">0</attwidth><atprecis Sync="TRUE">0</atprecis><attscale Sync="TRUE">0</attscale><attrdef Sync="TRUE">Feature geometry.</attrdef><attrdefs Sync="TRUE">Esri</attrdefs><attrdomv><udom Sync="TRUE">Coordinates defining the features.</udom></attrdomv></attr><attr><attrlabl Sync="TRUE">NomeRodov</attrlabl><attalias Sync="TRUE">NomeRodov</attalias><attrtype Sync="TRUE">String</attrtype><attwidth Sync="TRUE">15</attwidth><atprecis Sync="TRUE">0</atprecis><attscale Sync="TRUE">0</attscale></attr><attr><attrlabl Sync="TRUE">CodRodov</attrlabl><attalias Sync="TRUE">CodRodov</attalias><attrtype Sync="TRUE">String</attrtype><attwidth Sync="TRUE">8</attwidth><atprecis Sync="TRUE">0</atprecis><attscale Sync="TRUE">0</attscale></attr><attr><attrlabl Sync="TRUE">Classific</attrlabl><attalias Sync="TRUE">Classific</attalias><attrtype Sync="TRUE">String</attrtype><attwidth Sync="TRUE">20</attwidth><atprecis Sync="TRUE">0</atprecis><attscale Sync="TRUE">0</attscale></attr><attr><attrlabl Sync="TRUE">Trecho</attrlabl><attalias Sync="TRUE">Trecho</attalias><attrtype Sync="TRUE">String</attrtype><attwidth Sync="TRUE">80</attwidth><atprecis Sync="TRUE">0</atprecis><attscale Sync="TRUE">0</attscale></attr><attr><attrlabl Sync="TRUE">SubTrecho</attrlabl><attalias Sync="TRUE">SubTrecho</attalias><attrtype Sync="TRUE">String</attrtype><attwidth Sync="TRUE">80</attwidth><atprecis Sync="TRUE">0</atprecis><attscale Sync="TRUE">0</attscale></attr><attr><attrlabl Sync="TRUE">ExtKm</attrlabl><attalias Sync="TRUE">ExtKm</attalias><attrtype Sync="TRUE">Double</attrtype><attwidth Sync="TRUE">19</attwidth><atprecis Sync="TRUE">18</atprecis><attscale Sync="TRUE">11</attscale></attr><attr><attrlabl Sync="TRUE">KmInicial</attrlabl><attalias Sync="TRUE">KmInicial</attalias><attrtype Sync="TRUE">Double</attrtype><attwidth Sync="TRUE">19</attwidth><atprecis Sync="TRUE">18</atprecis><attscale Sync="TRUE">11</attscale></attr><attr><attrlabl Sync="TRUE">KmFinal</attrlabl><attalias Sync="TRUE">KmFinal</attalias><attrtype Sync="TRUE">Double</attrtype><attwidth Sync="TRUE">19</attwidth><atprecis Sync="TRUE">18</atprecis><attscale Sync="TRUE">11</attscale></attr><attr><attrlabl Sync="TRUE">SitFisica</attrlabl><attalias Sync="TRUE">SitFisica</attalias><attrtype Sync="TRUE">String</attrtype><attwidth Sync="TRUE">15</attwidth><atprecis Sync="TRUE">0</atprecis><attscale Sync="TRUE">0</attscale></attr><attr><attrlabl Sync="TRUE">Jurisdicao</attrlabl><attalias Sync="TRUE">Jurisdicao</attalias><attrtype Sync="TRUE">Double</attrtype><attwidth Sync="TRUE">19</attwidth><atprecis Sync="TRUE">18</atprecis><attscale Sync="TRUE">11</attscale></attr><attr><attrlabl Sync="TRUE">Shape_Leng</attrlabl><attalias Sync="TRUE">Shape_Leng</attalias><attrtype Sync="TRUE">Double</attrtype><attwidth Sync="TRUE">19</attwidth><atprecis Sync="TRUE">18</atprecis><attscale Sync="TRUE">11</attscale></attr></detailed></eainfo><mdDateSt Sync="TRUE">20200415</mdDateSt></metadata>
